{"cameraMode":{"drawMode":0,"name":"Shaded","section":"Shading Mode"},"sceneLighting":false,"audioPlay":false,"sceneViewState":{"showFog":false,"showMaterialUpdate":false,"showSkybox":false,"showFlares":false,"showImageEffects":false,"showParticleSystems":false},"in2DMode":false,"pivot":{"x":-1.3065311908721924,"y":2.8946926593780519,"z":-1.4215645790100098},"rotation":{"x":0.051814086735248569,"y":-0.7051538228988648,"z":0.05289837718009949,"w":0.7054882645606995},"size":2.753308057785034,"orthographic":true}