{"cameraMode":{"drawMode":0,"name":"Shaded","section":"Shading Mode"},"sceneLighting":true,"audioPlay":false,"sceneViewState":{"showFog":false,"showMaterialUpdate":false,"showSkybox":false,"showFlares":false,"showImageEffects":false,"showParticleSystems":false},"in2DMode":false,"pivot":{"x":0.1031494140625,"y":4.11419677734375,"z":4.962890625},"rotation":{"x":0.20819509029388429,"y":-0.3520388901233673,"z":0.08194030821323395,"w":0.9090998768806458},"size":27.855976104736329,"orthographic":true}