{"cameraMode":{"drawMode":0,"name":"Shaded","section":"Shading Mode"},"sceneLighting":true,"audioPlay":false,"sceneViewState":{"showFog":false,"showMaterialUpdate":false,"showSkybox":false,"showFlares":false,"showImageEffects":false,"showParticleSystems":false},"in2DMode":false,"pivot":{"x":-119.00010681152344,"y":-47.058170318603519,"z":138.7904510498047},"rotation":{"x":-0.13605718314647675,"y":0.3418731987476349,"z":-0.0500972718000412,"w":-0.928497314453125},"size":229.2565155029297,"orthographic":false}