{"cameraMode":{"drawMode":0,"name":"Shaded","section":"Shading Mode"},"sceneLighting":false,"audioPlay":false,"sceneViewState":{"showFog":true,"showMaterialUpdate":true,"showSkybox":false,"showFlares":true,"showImageEffects":true,"showParticleSystems":true},"in2DMode":false,"pivot":{"x":-9.332439422607422,"y":-16.832050323486329,"z":26.127910614013673},"rotation":{"x":-0.2825635075569153,"y":0.1661243885755539,"z":-0.04975466430187225,"w":-0.9434444904327393},"size":2.8578836917877199,"orthographic":false}