{"cameraMode":{"drawMode":0,"name":"Shaded","section":"Shading Mode"},"sceneLighting":true,"audioPlay":false,"sceneViewState":{"showFog":false,"showMaterialUpdate":false,"showSkybox":false,"showFlares":false,"showImageEffects":false,"showParticleSystems":false},"in2DMode":false,"pivot":{"x":0.057525634765625,"y":3.6473388671875,"z":-0.6357421875},"rotation":{"x":0.1583065688610077,"y":0.019853204488754274,"z":-0.003203033935278654,"w":0.9872376918792725},"size":5.589795112609863,"orthographic":true}