{"cameraMode":{"drawMode":0,"name":"Shaded","section":"Shading Mode"},"sceneLighting":true,"audioPlay":false,"sceneViewState":{"showFog":false,"showMaterialUpdate":false,"showSkybox":false,"showFlares":false,"showImageEffects":false,"showParticleSystems":false},"in2DMode":false,"pivot":{"x":0.3899998664855957,"y":0.3100000023841858,"z":4.940000057220459},"rotation":{"x":0.032971300184726718,"y":-0.03537632152438164,"z":0.0013461156049743295,"w":0.9989269375801086},"size":6.315272808074951,"orthographic":true}