{"cameraMode":{"drawMode":0,"name":"Shaded","section":"Shading Mode"},"sceneLighting":true,"audioPlay":false,"sceneViewState":{"showFog":false,"showMaterialUpdate":false,"showSkybox":false,"showFlares":false,"showImageEffects":false,"showParticleSystems":false},"in2DMode":false,"pivot":{"x":-1.2687077522277833,"y":4.057255268096924,"z":2.4482901096343996},"rotation":{"x":-0.13605718314647675,"y":0.3418731987476349,"z":-0.0500972718000412,"w":-0.928497314453125},"size":7.18919038772583,"orthographic":false}