{"cameraMode":{"drawMode":0,"name":"Shaded","section":"Shading Mode"},"sceneLighting":true,"audioPlay":false,"sceneViewState":{"showFog":false,"showMaterialUpdate":false,"showSkybox":false,"showFlares":false,"showImageEffects":false,"showParticleSystems":false},"in2DMode":false,"pivot":{"x":0.5799999237060547,"y":5.859999656677246,"z":3.869999885559082},"rotation":{"x":-0.25153055787086489,"y":0.5807859301567078,"z":-0.19617050886154176,"w":-0.7492005825042725},"size":9.949376106262207,"orthographic":true}