{"cameraMode":{"drawMode":0,"name":"Shaded","section":"Shading Mode"},"sceneLighting":true,"audioPlay":false,"sceneViewState":{"showFog":false,"showMaterialUpdate":false,"showSkybox":false,"showFlares":false,"showImageEffects":false,"showParticleSystems":false},"in2DMode":false,"pivot":{"x":-0.824127197265625,"y":1.547119140625,"z":-1.1201171875},"rotation":{"x":0.29883623123168948,"y":-0.03049287386238575,"z":0.01044510118663311,"w":0.9539900422096252},"size":2.919351816177368,"orthographic":true}