{"cameraMode":{"drawMode":0,"name":"Shaded","section":"Shading Mode"},"sceneLighting":false,"audioPlay":false,"sceneViewState":{"showFog":false,"showMaterialUpdate":false,"showSkybox":false,"showFlares":false,"showImageEffects":false,"showParticleSystems":false},"in2DMode":false,"pivot":{"x":-1.3019672632217408,"y":2.773632526397705,"z":-1.451439380645752},"rotation":{"x":0.051814086735248569,"y":-0.7051538228988648,"z":0.05289837718009949,"w":0.7054882645606995},"size":2.6660075187683107,"orthographic":true}