{"cameraMode":{"drawMode":0,"name":"Shaded","section":"Shading Mode"},"sceneLighting":true,"audioPlay":false,"sceneViewState":{"showFog":false,"showMaterialUpdate":false,"showSkybox":false,"showFlares":false,"showImageEffects":false,"showParticleSystems":false},"in2DMode":false,"pivot":{"x":0.7998046875,"y":1.1251983642578126,"z":1.1287841796875},"rotation":{"x":-0.15933923423290254,"y":-0.34862974286079409,"z":0.059805192053318027,"w":-0.9218277335166931},"size":1.1565403938293458,"orthographic":true}