{"cameraMode":{"drawMode":0,"name":"Shaded","section":"Shading Mode"},"sceneLighting":true,"audioPlay":false,"sceneViewState":{"showFog":false,"showMaterialUpdate":false,"showSkybox":false,"showFlares":false,"showImageEffects":false,"showParticleSystems":false},"in2DMode":false,"pivot":{"x":-3.3516151905059816,"y":-3.1734395027160646,"z":16.89028549194336},"rotation":{"x":-0.2153780460357666,"y":0.0603024922311306,"z":-0.01332882884889841,"w":-0.9745807647705078},"size":24.285547256469728,"orthographic":false}