{"cameraMode":{"drawMode":0,"name":"Shaded","section":"Shading Mode"},"sceneLighting":true,"audioPlay":false,"sceneViewState":{"showFog":false,"showMaterialUpdate":false,"showSkybox":false,"showFlares":false,"showImageEffects":false,"showParticleSystems":false},"in2DMode":false,"pivot":{"x":0.34938812255859377,"y":2.16943359375,"z":0.8306379318237305},"rotation":{"x":0.5047214031219482,"y":-0.4943363666534424,"z":0.5026716589927673,"w":0.4986543357372284},"size":2.9540133476257326,"orthographic":true}