{"cameraMode":{"drawMode":0,"name":"Shaded","section":"Shading Mode"},"sceneLighting":false,"audioPlay":false,"sceneViewState":{"showFog":false,"showMaterialUpdate":false,"showSkybox":false,"showFlares":false,"showImageEffects":false,"showParticleSystems":false},"in2DMode":false,"pivot":{"x":-0.07644613087177277,"y":0.8155296444892883,"z":0.0},"rotation":{"x":0.18060317635536195,"y":-0.5092378258705139,"z":0.11105457693338394,"w":0.8343345522880554},"size":3.3024351596832277,"orthographic":true}