{"cameraMode":{"drawMode":0,"name":"Shaded","section":"Shading Mode"},"sceneLighting":true,"audioPlay":false,"sceneViewState":{"showFog":false,"showMaterialUpdate":false,"showSkybox":false,"showFlares":false,"showImageEffects":false,"showParticleSystems":false},"in2DMode":false,"pivot":{"x":1.3397216796875,"y":0.62353515625,"z":-1.525634765625},"rotation":{"x":0.011974349617958069,"y":-0.05487702041864395,"z":0.0008325145463459194,"w":0.9985183477401733},"size":17.932268142700197,"orthographic":true}