{"cameraMode":{"drawMode":0,"name":"Shaded","section":"Shading Mode"},"sceneLighting":true,"audioPlay":false,"sceneViewState":{"showFog":false,"showMaterialUpdate":false,"showSkybox":false,"showFlares":false,"showImageEffects":false,"showParticleSystems":false},"in2DMode":false,"pivot":{"x":0.383026123046875,"y":4.2418212890625,"z":3.2421875},"rotation":{"x":0.044978994876146319,"y":-0.017682507634162904,"z":-0.0008289248216897249,"w":-0.9988556504249573},"size":4.31472110748291,"orthographic":true}