{"cameraMode":{"drawMode":0,"name":"Shaded","section":"Shading Mode"},"sceneLighting":true,"audioPlay":false,"sceneViewState":{"showFog":false,"showMaterialUpdate":false,"showSkybox":false,"showFlares":false,"showImageEffects":false,"showParticleSystems":false},"in2DMode":false,"pivot":{"x":0.12999999523162843,"y":3.690000057220459,"z":-0.4300000071525574},"rotation":{"x":-0.13605718314647675,"y":0.3418731987476349,"z":-0.0500972718000412,"w":-0.928497314453125},"size":4.950000286102295,"orthographic":false}