{"cameraMode":{"drawMode":0,"name":"Shaded","section":"Shading Mode"},"sceneLighting":true,"audioPlay":false,"sceneViewState":{"showFog":false,"showMaterialUpdate":false,"showSkybox":false,"showFlares":false,"showImageEffects":false,"showParticleSystems":false},"in2DMode":false,"pivot":{"x":-1.11962890625,"y":0.72637939453125,"z":-2.073291778564453},"rotation":{"x":0.051814086735248569,"y":-0.7051538228988648,"z":0.05289837718009949,"w":0.7054882645606995},"size":2.342636823654175,"orthographic":true}