{"cameraMode":{"drawMode":0,"name":"Shaded","section":"Shading Mode"},"sceneLighting":true,"audioPlay":false,"sceneViewState":{"showFog":false,"showMaterialUpdate":false,"showSkybox":false,"showFlares":false,"showImageEffects":false,"showParticleSystems":false},"in2DMode":false,"pivot":{"x":0.570000171661377,"y":3.690000057220459,"z":3.880000114440918},"rotation":{"x":-0.03448941186070442,"y":-0.01619388535618782,"z":0.000523580180015415,"w":-0.9992996454238892},"size":4.835030555725098,"orthographic":true}