{"cameraMode":{"drawMode":0,"name":"Shaded","section":"Shading Mode"},"sceneLighting":true,"audioPlay":false,"sceneViewState":{"showFog":false,"showMaterialUpdate":false,"showSkybox":false,"showFlares":false,"showImageEffects":false,"showParticleSystems":false},"in2DMode":false,"pivot":{"x":-0.006999969482421875,"y":-0.09000015258789063,"z":3.725290298461914e-9},"rotation":{"x":0.025959771126508714,"y":-0.0681503415107727,"z":0.0029100957326591017,"w":0.9975634813308716},"size":233.34524536132813,"orthographic":true}