{"cameraMode":{"drawMode":0,"name":"Shaded","section":"Shading Mode"},"sceneLighting":true,"audioPlay":false,"sceneViewState":{"showFog":true,"showMaterialUpdate":false,"showSkybox":true,"showFlares":true,"showImageEffects":true,"showParticleSystems":true},"in2DMode":false,"pivot":{"x":0.914116382598877,"y":0.13492393493652345,"z":-0.8800945281982422},"rotation":{"x":-0.0698167085647583,"y":0.9251986145973206,"z":-0.20913738012313844,"w":-0.3088608384132385},"size":10.498632431030274,"orthographic":false}