{"cameraMode":{"drawMode":0,"name":"Shaded","section":"Shading Mode"},"sceneLighting":true,"audioPlay":false,"sceneViewState":{"showFog":false,"showMaterialUpdate":false,"showSkybox":false,"showFlares":false,"showImageEffects":false,"showParticleSystems":false},"in2DMode":false,"pivot":{"x":-128.66615295410157,"y":-56.9632568359375,"z":126.65922546386719},"rotation":{"x":-0.13605718314647675,"y":0.3418731987476349,"z":-0.0500972718000412,"w":-0.928497314453125},"size":266.615234375,"orthographic":false}