{"cameraMode":{"drawMode":0,"name":"Shaded","section":"Shading Mode"},"sceneLighting":true,"audioPlay":false,"sceneViewState":{"showFog":false,"showMaterialUpdate":false,"showSkybox":false,"showFlares":false,"showImageEffects":false,"showParticleSystems":false},"in2DMode":false,"pivot":{"x":0.3441162109375,"y":3.196533203125,"z":-0.54736328125},"rotation":{"x":-0.3143693208694458,"y":0.12084158509969711,"z":-0.04068194702267647,"w":-0.9408695101737976},"size":2.6680164337158205,"orthographic":true}