{"cameraMode":{"drawMode":0,"name":"Shaded","section":"Shading Mode"},"sceneLighting":true,"audioPlay":false,"sceneViewState":{"showFog":true,"showMaterialUpdate":true,"showSkybox":true,"showFlares":true,"showImageEffects":true,"showParticleSystems":true},"in2DMode":false,"pivot":{"x":-10.818249702453614,"y":-17.997148513793947,"z":24.77212905883789},"rotation":{"x":-0.2825635075569153,"y":0.1661243885755539,"z":-0.04975466430187225,"w":-0.9434444904327393},"size":44.2503662109375,"orthographic":false}