{"cameraMode":{"drawMode":0,"name":"Shaded","section":"Shading Mode"},"sceneLighting":false,"audioPlay":false,"sceneViewState":{"showFog":false,"showMaterialUpdate":false,"showSkybox":false,"showFlares":false,"showImageEffects":false,"showParticleSystems":false},"in2DMode":false,"pivot":{"x":0.019518107175827028,"y":0.06255000829696655,"z":0.0},"rotation":{"x":-0.05490563064813614,"y":0.5185039639472961,"z":-0.03378041088581085,"w":-0.8527752757072449},"size":0.38816240429878237,"orthographic":true}