{"cameraMode":{"drawMode":0,"name":"Shaded","section":"Shading Mode"},"sceneLighting":true,"audioPlay":false,"sceneViewState":{"showFog":false,"showMaterialUpdate":false,"showSkybox":false,"showFlares":false,"showImageEffects":false,"showParticleSystems":false},"in2DMode":false,"pivot":{"x":0.22313547134399415,"y":2.2117919921875,"z":-1.66375732421875},"rotation":{"x":0.6100584268569946,"y":-0.013063803315162659,"z":0.011263168416917324,"w":0.7924485802650452},"size":3.3276660442352297,"orthographic":true}